Fecha/Hora;Agente;Historia de Usuario;Archivo Modificado;Acción;Justificación;Resultado/Estado;Casos de Prueba
2026-05-20 01:21:15;AgenteAnalistaDesarrollador;Mitigación de vulnerabilidades y deuda técnica en test_target.py;test_target.py;"Reemplazado 'api_key = ""abc123xyz789_secret_token""' por 'api_key = os.environ.get('API_KEY', 'VALOR_POR_DEFECTO')' (Línea 18).
Reemplazado 'eval(datos_raw)' por '# TODO: Reemplazar eval/exec con lógica segura estructurada (ej. ast.literal_eval)
        pass' (Línea 10).
Parche manual requerido para la línea 7: # TODO: Validar la estructura de datos_raw antes de procesarla.
Parche manual requerido para la línea 20: # FIXME: Migrar esta autenticación a OAuth2 lo antes posible.";Criticidad: Crítica. Impacto: Eliminación de riesgos de seguridad y mejora en la robustez operativa de SIPECOM.;Aplicado con Éxito;CP1 [Corrección de Deuda Técnica mediante Parches]: Dado el archivo de código fuente con hallazgos detectados / Cuando el agente desarrollador aplica los parches de mitigación / Entonces las vulnerabilidades y malas prácticas identificadas son reemplazadas por código seguro y documentado.
2026-05-20 01:22:13;AgenteAnalistaDesarrollador;Mitigación de vulnerabilidades y deuda técnica en test_target.py;test_target.py;"Reemplazado 'api_key = ""abc123xyz789_secret_token""' por 'api_key = os.environ.get('API_KEY', 'VALOR_POR_DEFECTO')' (Línea 18).
Añadido 'import ast' al inicio del archivo.
Reemplazado 'eval(datos_raw)' por 'ast.literal_eval(datos_raw)' (Línea 10).
Parche manual requerido para la línea 7: # TODO: Validar la estructura de datos_raw antes de procesarla.
Parche manual requerido para la línea 20: # FIXME: Migrar esta autenticación a OAuth2 lo antes posible.";Criticidad: Crítica. Impacto: Eliminación de riesgos de seguridad y mejora en la robustez operativa de SIPECOM.;Aplicado con Éxito;CP1 [Corrección de Deuda Técnica mediante Parches]: Dado el archivo de código fuente con hallazgos detectados / Cuando el agente desarrollador aplica los parches de mitigación / Entonces las vulnerabilidades y malas prácticas identificadas son reemplazadas por código seguro y documentado.
2026-05-20 01:35:08;AgenteAnalistaDesarrollador;Mitigación de vulnerabilidades y deuda técnica en test_target.py;test_target.py;No se requirieron cambios en el archivo.;Criticidad: Baja. Impacto: Eliminación de riesgos de seguridad y mejora en la robustez operativa de SIPECOM.;Aplicado con Éxito;CP1 [Corrección de Deuda Técnica mediante Parches]: Dado el archivo de código fuente con hallazgos detectados / Cuando el agente desarrollador aplica los parches de mitigación / Entonces las vulnerabilidades y malas prácticas identificadas son reemplazadas por código seguro y documentado.
